iso3,country,region,gdp_usd_bn,gdp_usd_tn
USA,United States,Americas,32383.919999999995,32.383919999999996
CHN,China,Asia,20851.593,20.851593
DEU,Germany,Europe,5452.858,5.452858
JPN,Japan,Asia,4379.253000000001,4.379253
GBR,United Kingdom,Europe,4264.794,4.264794
IND,India,Asia,4153.191000000001,4.1531910000000005
FRA,France,Europe,3596.094,3.596094
ITA,Italy,Europe,2738.1639999999998,2.738164
RUS,Russia,Europe,2656.452,2.6564520000000003
BRA,Brazil,Americas,2635.9120000000003,2.6359120000000003
CAN,Canada,Americas,2507.34,2.50734
AUS,Australia,Oceania,2123.963,2.1239630000000003
MEX,Mexico,Americas,2120.8550000000005,2.1208550000000006
ESP,Spain,Europe,2091.2219999999998,2.0912219999999997
KOR,South Korea,Asia,1931.008,1.931008
TUR,Turkey,Asia,1640.223,1.640223
IDN,Indonesia,Asia,1539.8719999999998,1.539872
NLD,Netherlands,Europe,1449.704,1.4497039999999999
SAU,Saudi Arabia,Asia,1388.676,1.388676
CHE,Switzerland,Europe,1146.911,1.146911
POL,Poland,Europe,1134.248,1.1342480000000001
TWN,Taiwan,Asia,976.719,0.976719
IRL,Ireland,Europe,779.381,0.779381
BEL,Belgium,Europe,776.73,0.77673
SWE,Sweden,Europe,760.481,0.760481
ISR,Israel,Asia,719.8479999999998,0.7198479999999998
ARG,Argentina,Americas,688.378,0.688378
SGP,Singapore,Asia,659.572,0.659572
AUT,Austria,Europe,623.719,0.623719
ARE,United Arab Emirates,Asia,621.5459999999999,0.6215459999999999
NOR,Norway,Europe,599.4059999999998,0.5994059999999999
THA,Thailand,Asia,579.996,0.579996
COL,Colombia,Americas,539.53,0.53953
VNM,Vietnam,Asia,527.266,0.527266
MYS,Malaysia,Asia,516.428,0.516428
PHL,Philippines,Asia,512.222,0.512222
BGD,Bangladesh,Asia,510.7049999999999,0.510705
DNK,Denmark,Europe,503.77199999999993,0.5037719999999999
ROU,Romania,Europe,480.834,0.480834
ZAF,South Africa,Africa,479.964,0.479964
HKG,Hong Kong SAR China,Asia,450.1379999999999,0.4501379999999999
CZE,Czechia,Europe,432.59699999999987,0.43259699999999984
EGY,Egypt,Africa,429.645,0.429645
CHL,Chile,Americas,407.85,0.40785000000000005
PER,Peru,Americas,380.8999999999999,0.3808999999999999
PRT,Portugal,Europe,380.637,0.380637
NGA,Nigeria,Africa,377.365,0.377365
KAZ,Kazakhstan,Asia,360.45599999999996,0.36045599999999994
FIN,Finland,Europe,337.6689999999999,0.33766899999999994
DZA,Algeria,Africa,317.173,0.317173
GRC,Greece,Europe,307.5539999999999,0.30755399999999994
IRN,Iran,Asia,300.29299999999995,0.300293
NZL,New Zealand,Oceania,278.63599999999997,0.278636
HUN,Hungary,Europe,271.122,0.27112200000000003
IRQ,Iraq,Asia,264.78399999999993,0.2647839999999999
UKR,Ukraine,Europe,225.33700000000002,0.225337
QAT,Qatar,Asia,217.416,0.217416
MAR,Morocco,Africa,194.333,0.194333
UZB,Uzbekistan,Asia,181.502,0.181502
KWT,Kuwait,Asia,172.92,0.17292
SVK,Slovakia,Europe,168.89700000000002,0.16889700000000002
AGO,Angola,Africa,152.354,0.15235400000000002
BGR,Bulgaria,Europe,148.121,0.148121
KEN,Kenya,Africa,147.265,0.14726499999999998
ECU,Ecuador,Americas,138.194,0.13819399999999998
DOM,Dominican Republic,Americas,136.148,0.136148
PRI,Puerto Rico,Americas,129.012,0.129012
GTM,Guatemala,Americas,128.88600000000002,0.12888600000000003
COD,Congo - Kinshasa,Africa,123.40600000000002,0.12340600000000002
ETH,Ethiopia,Africa,121.527,0.121527
GHA,Ghana,Africa,118.29300000000002,0.11829300000000002
OMN,Oman,Asia,117.17599999999999,0.11717599999999999
HRV,Croatia,Europe,116.574,0.116574
CIV,Côte d’Ivoire,Africa,112.115,0.11211499999999999
SRB,Serbia,Europe,112.025,0.112025
VEN,Venezuela,Americas,111.303,0.111303
LUX,Luxembourg,Europe,110.41700000000002,0.11041700000000002
CRI,Costa Rica,Americas,109.93100000000001,0.10993100000000001
LTU,Lithuania,Europe,105.90700000000001,0.10590700000000002
BLR,Belarus,Europe,102.042,0.10204200000000001
URY,Uruguay,Americas,96.09200000000001,0.09609200000000001
PAN,Panama,Americas,95.024,0.095024
TZA,Tanzania,Africa,94.88899999999998,0.09488899999999999
SVN,Slovenia,Europe,86.73200000000001,0.08673200000000002
MMR,Myanmar (Burma),Asia,83.832,0.08383199999999999
TKM,Turkmenistan,Asia,83.06500000000001,0.08306500000000001
BOL,Bolivia,Americas,80.743,0.080743
AZE,Azerbaijan,Asia,78.37199999999999,0.07837199999999998
UGA,Uganda,Africa,73.36999999999999,0.07336999999999999
CMR,Cameroon,Africa,65.13499999999999,0.06513499999999998
JOR,Jordan,Asia,64.909,0.06490900000000001
TUN,Tunisia,Africa,60.745000000000005,0.06074500000000001
PRY,Paraguay,Americas,60.542,0.060542
ZWE,Zimbabwe,Africa,56.713,0.056713
MAC,Macao SAR China,Asia,54.22800000000001,0.054228000000000005
LVA,Latvia,Europe,53.686,0.053686
LBY,Libya,Africa,52.452999999999996,0.05245299999999999
KHM,Cambodia,Asia,52.379000000000005,0.052379
EST,Estonia,Europe,51.634,0.051634
BHR,Bahrain,Asia,48.849000000000004,0.048849000000000004
NPL,Nepal,Asia,45.843999999999994,0.045843999999999996
CYP,Cyprus,Asia,45.17100000000001,0.04517100000000001
SDN,Sudan,Africa,44.688,0.044688000000000005
ISL,Iceland,Europe,43.80000000000001,0.04380000000000001
GEO,Georgia,Asia,42.716,0.042716000000000004
HND,Honduras,Americas,41.505,0.041505
ZMB,Zambia,Africa,41.243,0.041243
SEN,Senegal,Africa,40.469,0.040469
SLV,El Salvador,Americas,39.838,0.039838
HTI,Haiti,Americas,39.18,0.03918
BIH,Bosnia & Herzegovina,Europe,36.771,0.036771
PNG,Papua New Guinea,Oceania,34.403000000000006,0.034403
GUY,Guyana,Americas,33.961000000000006,0.033961000000000005
MLI,Mali,Africa,33.846999999999994,0.033846999999999995
ALB,Albania,Europe,33.333000000000006,0.03333300000000001
BFA,Burkina Faso,Africa,32.513000000000005,0.03251300000000001
ARM,Armenia,Asia,31.873,0.031873
MLT,Malta,Europe,30.712,0.030712
GIN,Guinea,Africa,29.93,0.02993
MNG,Mongolia,Asia,28.449999999999996,0.028449999999999996
BEN,Benin,Africa,27.785999999999998,0.027785999999999998
TTO,Trinidad & Tobago,Americas,26.836,0.026836
TCD,Chad,Africa,25.628,0.025628
NER,Niger,Africa,24.813,0.024812999999999998
NIC,Nicaragua,Americas,24.227,0.024227000000000002
KGZ,Kyrgyzstan,Asia,23.606000000000005,0.023606000000000005
GAB,Gabon,Africa,23.363,0.023363
MOZ,Mozambique,Africa,23.275,0.023274999999999997
JAM,Jamaica,Americas,23.028,0.023028
BWA,Botswana,Africa,21.937,0.021937
MDA,Moldova,Europe,21.888999999999996,0.021888999999999995
MKD,North Macedonia,Europe,21.605,0.021605
MDG,Madagascar,Africa,21.185,0.021185
TJK,Tajikistan,Asia,20.418,0.020418
LAO,Laos,Asia,18.959,0.018959
MWI,Malawi,Africa,18.152,0.018152
RWA,Rwanda,Africa,17.336,0.017335999999999997
NAM,Namibia,Africa,17.314000000000004,0.017314000000000003
MUS,Mauritius,Africa,17.119000000000003,0.017119000000000002
BHS,Bahamas,Americas,17.042,0.017042
COG,Congo - Brazzaville,Africa,17.028,0.017027999999999998
BRN,Brunei,Asia,16.863,0.016863
MRT,Mauritania,Africa,14.352000000000002,0.014352000000000002
SOM,Somalia,Africa,14.174000000000001,0.014174
XKX,NA,NA,14.053000000000003,0.014053000000000003
GNQ,Equatorial Guinea,Africa,13.722,0.013722
TGO,Togo,Africa,13.437000000000001,0.013437000000000001
MNE,Montenegro,Europe,10.226999999999999,0.010226999999999998
LIE,Liechtenstein,Europe,9.442,0.009442
BRB,Barbados,Americas,8.483,0.008483000000000001
SLE,Sierra Leone,Africa,8.270000000000001,0.008270000000000001
BDI,Burundi,Africa,8.136999999999999,0.008136999999999998
MDV,Maldives,Asia,8.129999999999999,0.008129999999999998
YEM,Yemen,Asia,7.435,0.007435
FJI,Fiji,Oceania,6.351999999999999,0.006351999999999999
SSD,South Sudan,Africa,6.069,0.006069
SUR,Suriname,Americas,5.908,0.005908
SWZ,Eswatini,Africa,5.792,0.005791999999999999
LBR,Liberia,Africa,5.6419999999999995,0.0056419999999999994
AND,Andorra,Europe,4.879,0.004879
DJI,Djibouti,Africa,4.724999999999999,0.004724999999999999
ABW,Aruba,Americas,4.671,0.004671000000000001
BTN,Bhutan,Asia,3.8559999999999994,0.0038559999999999996
CAF,Central African Republic,Africa,3.4919999999999995,0.0034919999999999994
BLZ,Belize,Americas,3.4499999999999997,0.00345
CPV,Cape Verde,Africa,3.448,0.003448
GNB,Guinea-Bissau,Africa,2.985,0.002985
LSO,Lesotho,Africa,2.9719999999999995,0.0029719999999999994
GMB,Gambia,Africa,2.792,0.0027919999999999998
LCA,St. Lucia,Americas,2.765,0.002765
SMR,San Marino,Europe,2.4169999999999994,0.0024169999999999994
ATG,Antigua & Barbuda,Americas,2.385,0.002385
SYC,Seychelles,Africa,2.251,0.002251
TLS,Timor-Leste,Asia,2.17,0.00217
SLB,Solomon Islands,Oceania,1.836,0.0018360000000000002
COM,Comoros,Africa,1.814,0.001814
GRD,Grenada,Americas,1.4829999999999999,0.001483
VUT,Vanuatu,Oceania,1.3959999999999997,0.0013959999999999997
WSM,Samoa,Oceania,1.3759999999999997,0.0013759999999999996
VCT,St. Vincent & Grenadines,Americas,1.236,0.001236
STP,São Tomé & Príncipe,Africa,1.161,0.0011610000000000001
KNA,St. Kitts & Nevis,Americas,1.143,0.001143
DMA,Dominica,Americas,0.7909999999999999,7.909999999999999e-4
TON,Tonga,Oceania,0.716,7.16e-4
FSM,Micronesia (Federated States of),Oceania,0.521,5.21e-4
KIR,Kiribati,Oceania,0.401,4.0100000000000004e-4
PLW,Palau,Oceania,0.377,3.77e-4
MHL,Marshall Islands,Oceania,0.342,3.42e-4
NRU,Nauru,Oceania,0.196,1.9600000000000002e-4
TUV,Tuvalu,Oceania,0.065,6.500000000000001e-5
