iso3,country,region,gdp_usd_bn,gdp_usd_tn,population_year,population,gdp_per_capita
USA,United States,Americas,32383.919999999995,32.383919999999996,2024,340110988,95215.74175074871
CHN,China,Asia,20851.593,20.851593,2024,1408975000,14799.12205681435
DEU,Germany,Europe,5452.858,5.452858,2024,83516593,65290.71414587039
JPN,Japan,Asia,4379.253000000001,4.379253,2024,123975371,35323.57245375778
GBR,United Kingdom,Europe,4264.794,4.264794,2024,69226000,61606.8240256551
IND,India,Asia,4153.191000000001,4.1531910000000005,2024,1450935791,2862.4223247932828
FRA,France,Europe,3596.094,3.596094,2024,68551653,52458.16610724179
ITA,Italy,Europe,2738.1639999999998,2.738164,2024,58952704,46446.79233033993
RUS,Russia,Europe,2656.452,2.6564520000000003,2024,143533851,18507.494792987894
BRA,Brazil,Americas,2635.9120000000003,2.6359120000000003,2024,211998573,12433.630862222833
CAN,Canada,Americas,2507.34,2.50734,2024,41288599,60727.175557591574
AUS,Australia,Oceania,2123.963,2.1239630000000003,2024,27196812,78096.0283139068
MEX,Mexico,Americas,2120.8550000000005,2.1208550000000006,2024,130861007,16206.92862313065
ESP,Spain,Europe,2091.2219999999998,2.0912219999999997,2024,48848840,42810.06468116745
KOR,South Korea,Asia,1931.008,1.931008,2024,51751065,37313.39635232628
TUR,Turkey,Asia,1640.223,1.640223,2024,85518661,19179.7086252321
IDN,Indonesia,Asia,1539.8719999999998,1.539872,2024,283487931,5431.878509141894
NLD,Netherlands,Europe,1449.704,1.4497039999999999,2024,17993485,80568.27234968657
SAU,Saudi Arabia,Asia,1388.676,1.388676,2024,35300280,39338.95141908223
CHE,Switzerland,Europe,1146.911,1.146911,2024,9005582,127355.56680290069
POL,Poland,Europe,1134.248,1.1342480000000001,2024,36559233,31024.93971905812
TWN,Taiwan,Asia,976.719,0.976719,NA,NA,NA
IRL,Ireland,Europe,779.381,0.779381,2024,5395790,144442.4264102198
BEL,Belgium,Europe,776.73,0.77673,2024,11858610,65499.24485247428
SWE,Sweden,Europe,760.481,0.760481,2024,10569709,71949.09528729694
ISR,Israel,Asia,719.8479999999998,0.7198479999999998,2024,9974400,72169.55405838946
ARG,Argentina,Americas,688.378,0.688378,2024,45696159,15064.242051503716
SGP,Singapore,Asia,659.572,0.659572,2024,6036860,109257.46166053214
AUT,Austria,Europe,623.719,0.623719,2024,9177982,67958.18514353155
ARE,United Arab Emirates,Asia,621.5459999999999,0.6215459999999999,2024,10986400,56574.12801281583
NOR,Norway,Europe,599.4059999999998,0.5994059999999999,2024,5572279,107569.27282356104
THA,Thailand,Asia,579.996,0.579996,2024,71668011,8092.815635695541
COL,Colombia,Americas,539.53,0.53953,2024,52886363,10201.684695164233
VNM,Vietnam,Asia,527.266,0.527266,2024,100987686,5221.092005217349
MYS,Malaysia,Asia,516.428,0.516428,2024,35557673,14523.672569911985
PHL,Philippines,Asia,512.222,0.512222,2024,115843670,4421.665853645693
BGD,Bangladesh,Asia,510.7049999999999,0.510705,2024,173562364,2942.4870013870054
DNK,Denmark,Europe,503.77199999999993,0.5037719999999999,2024,5976992,84285.20566867078
ROU,Romania,Europe,480.834,0.480834,2024,19051804,25238.239906310184
ZAF,South Africa,Africa,479.964,0.479964,2024,64007187,7498.595431166191
HKG,Hong Kong SAR China,Asia,450.1379999999999,0.4501379999999999,2024,7524100,59826.158610332124
CZE,Czechia,Europe,432.59699999999987,0.43259699999999984,2024,10905028,39669.49924383503
EGY,Egypt,Africa,429.645,0.429645,2024,116538258,3686.729211277553
CHL,Chile,Americas,407.85,0.40785000000000005,2024,19764771,20635.199871529
PER,Peru,Americas,380.8999999999999,0.3808999999999999,2024,34217848,11131.61762832075
PRT,Portugal,Europe,380.637,0.380637,2024,10694681,35591.24390900486
NGA,Nigeria,Africa,377.365,0.377365,2024,232679478,1621.8233049328055
KAZ,Kazakhstan,Asia,360.45599999999996,0.36045599999999994,2024,20592571,17504.176627580884
FIN,Finland,Europe,337.6689999999999,0.33766899999999994,2024,5619911,60084.40347186992
DZA,Algeria,Africa,317.173,0.317173,2024,46814308,6775.129518095195
GRC,Greece,Europe,307.5539999999999,0.30755399999999994,2024,10405134,29557.908624723135
IRN,Iran,Asia,300.29299999999995,0.300293,2024,91567738,3279.462904281855
NZL,New Zealand,Oceania,278.63599999999997,0.278636,2024,5287500,52697.115839243495
HUN,Hungary,Europe,271.122,0.27112200000000003,2024,9562065,28353.917276236883
IRQ,Iraq,Asia,264.78399999999993,0.2647839999999999,2024,46042015,5750.921196650492
UKR,Ukraine,Europe,225.33700000000002,0.225337,2024,37860221,5951.814174565965
QAT,Qatar,Asia,217.416,0.217416,2024,2857822,76077.51637435782
MAR,Morocco,Africa,194.333,0.194333,2024,38081173,5103.125368538412
UZB,Uzbekistan,Asia,181.502,0.181502,2024,36361859,4991.548974434998
KWT,Kuwait,Asia,172.92,0.17292,2024,4897263,35309.51880672939
SVK,Slovakia,Europe,168.89700000000002,0.16889700000000002,2024,5422069,31149.9171257319
AGO,Angola,Africa,152.354,0.15235400000000002,2024,37885849,4021.3959571026116
BGR,Bulgaria,Europe,148.121,0.148121,2024,6441421,22995.081364810652
KEN,Kenya,Africa,147.265,0.14726499999999998,2024,56432944,2609.557282710609
ECU,Ecuador,Americas,138.194,0.13819399999999998,2024,18135478,7620.091403160147
DOM,Dominican Republic,Americas,136.148,0.136148,2024,11427557,11914.007517092234
PRI,Puerto Rico,Americas,129.012,0.129012,2024,3203295,40274.779562918804
GTM,Guatemala,Americas,128.88600000000002,0.12888600000000003,2024,18406359,7002.253949300893
COD,Congo - Kinshasa,Africa,123.40600000000002,0.12340600000000002,2024,109276265,1129.3028728608176
ETH,Ethiopia,Africa,121.527,0.121527,2024,132059767,920.2424232658233
GHA,Ghana,Africa,118.29300000000002,0.11829300000000002,2024,34427414,3436.0117782880825
OMN,Oman,Asia,117.17599999999999,0.11717599999999999,2024,5281538,22185.961740689923
HRV,Croatia,Europe,116.574,0.116574,2024,3866200,30152.087320883555
CIV,Côte d’Ivoire,Africa,112.115,0.11211499999999999,2024,31934230,3510.809560775381
SRB,Serbia,Europe,112.025,0.112025,2024,6586476,17008.33647613686
VEN,Venezuela,Americas,111.303,0.111303,2024,28405543,3918.354949243533
LUX,Luxembourg,Europe,110.41700000000002,0.11041700000000002,2024,677012,163094.59802780455
CRI,Costa Rica,Americas,109.93100000000001,0.10993100000000001,2024,5129910,21429.42078905868
LTU,Lithuania,Europe,105.90700000000001,0.10590700000000002,2024,2888278,36667.869228654585
BLR,Belarus,Europe,102.042,0.10204200000000001,2024,9132629,11173.343404182959
URY,Uruguay,Americas,96.09200000000001,0.09609200000000001,2024,3386588,28374.28113487676
PAN,Panama,Americas,95.024,0.095024,2024,4515577,21043.600851009738
TZA,Tanzania,Africa,94.88899999999998,0.09488899999999999,2024,68560157,1384.0254187282562
SVN,Slovenia,Europe,86.73200000000001,0.08673200000000002,2024,2127400,40769.013819686006
MMR,Myanmar (Burma),Asia,83.832,0.08383199999999999,2024,54500091,1538.1992664929676
TKM,Turkmenistan,Asia,83.06500000000001,0.08306500000000001,2024,7494498,11083.464162643051
BOL,Bolivia,Americas,80.743,0.080743,2024,12413315,6504.547737651063
AZE,Azerbaijan,Asia,78.37199999999999,0.07837199999999998,2024,10202830,7681.398200303248
UGA,Uganda,Africa,73.36999999999999,0.07336999999999999,2024,50015092,1466.9572136346362
CMR,Cameroon,Africa,65.13499999999999,0.06513499999999998,2024,29123744,2236.4912972727675
JOR,Jordan,Asia,64.909,0.06490900000000001,2024,11552876,5618.427826975725
TUN,Tunisia,Africa,60.745000000000005,0.06074500000000001,2024,12277109,4947.826072082606
PRY,Paraguay,Americas,60.542,0.060542,2024,6929153,8737.287226880399
ZWE,Zimbabwe,Africa,56.713,0.056713,2024,16634373,3409.386094684783
MAC,Macao SAR China,Asia,54.22800000000001,0.054228000000000005,2024,687000,78934.4978165939
LVA,Latvia,Europe,53.686,0.053686,2024,1866124,28768.72062092337
LBY,Libya,Africa,52.452999999999996,0.05245299999999999,2024,7381023,7106.46749102394
KHM,Cambodia,Asia,52.379000000000005,0.052379,2024,17638801,2969.532906460025
EST,Estonia,Europe,51.634,0.051634,2024,1372341,37624.75944389915
BHR,Bahrain,Asia,48.849000000000004,0.048849000000000004,2024,1588670,30748.361837260098
NPL,Nepal,Asia,45.843999999999994,0.045843999999999996,2024,29651054,1546.1170452827746
CYP,Cyprus,Asia,45.17100000000001,0.04517100000000001,2024,1358282,33255.98071681728
SDN,Sudan,Africa,44.688,0.044688000000000005,2024,50448963,885.8061165697302
ISL,Iceland,Europe,43.80000000000001,0.04380000000000001,2024,386506,113322.94970841336
GEO,Georgia,Asia,42.716,0.042716000000000004,2024,3699557,11546.247293932762
HND,Honduras,Americas,41.505,0.041505,2024,10825703,3833.931154401705
ZMB,Zambia,Africa,41.243,0.041243,2024,21314956,1934.9324483709936
SEN,Senegal,Africa,40.469,0.040469,2024,18501984,2187.2789426258287
SLV,El Salvador,Americas,39.838,0.039838,2024,6338193,6285.38764912965
HTI,Haiti,Americas,39.18,0.03918,2024,11772557,3328.0790231043266
BIH,Bosnia & Herzegovina,Europe,36.771,0.036771,2024,3164253,11620.752196489977
PNG,Papua New Guinea,Oceania,34.403000000000006,0.034403,2024,10576502,3252.7767687275054
GUY,Guyana,Americas,33.961000000000006,0.033961000000000005,2024,831087,40863.351249628504
MLI,Mali,Africa,33.846999999999994,0.033846999999999995,2024,24478595,1382.7182483308375
ALB,Albania,Europe,33.333000000000006,0.03333300000000001,2024,2377128,14022.383312972632
BFA,Burkina Faso,Africa,32.513000000000005,0.03251300000000001,2024,23548781,1380.6659461481258
ARM,Armenia,Asia,31.873,0.031873,2024,3033500,10507.005109609363
MLT,Malta,Europe,30.712,0.030712,2024,568847,53989.9129291356
GIN,Guinea,Africa,29.93,0.02993,2024,14754785,2028.4944850094394
MNG,Mongolia,Asia,28.449999999999996,0.028449999999999996,2024,3524788,8071.407415140995
BEN,Benin,Africa,27.785999999999998,0.027785999999999998,2024,14462724,1921.2148416854252
TTO,Trinidad & Tobago,Americas,26.836,0.026836,2024,1368333,19612.18504559928
TCD,Chad,Africa,25.628,0.025628,2024,20299123,1262.5175974351207
NER,Niger,Africa,24.813,0.024812999999999998,2024,27032412,917.8981143081128
NIC,Nicaragua,Americas,24.227,0.024227000000000002,2024,6916140,3502.9655270136236
KGZ,Kyrgyzstan,Asia,23.606000000000005,0.023606000000000005,2024,7221868,3268.683393271658
GAB,Gabon,Africa,23.363,0.023363,2024,2538952,9201.828155869036
MOZ,Mozambique,Africa,23.275,0.023274999999999997,2024,34631766,672.0708380854732
JAM,Jamaica,Americas,23.028,0.023028,2024,2839175,8110.806836492995
BWA,Botswana,Africa,21.937,0.021937,2024,2521139,8701.225914160226
MDA,Moldova,Europe,21.888999999999996,0.021888999999999995,2024,2402306,9111.661878212017
MKD,North Macedonia,Europe,21.605,0.021605,2024,1824359,11842.515645221143
MDG,Madagascar,Africa,21.185,0.021185,2024,31964956,662.7570518163704
TJK,Tajikistan,Asia,20.418,0.020418,2024,10590927,1927.8765683117256
LAO,Laos,Asia,18.959,0.018959,2024,7769819,2440.0825810742826
MWI,Malawi,Africa,18.152,0.018152,2024,21655286,838.2249026865774
RWA,Rwanda,Africa,17.336,0.017335999999999997,2024,14256567,1216.0010190391556
NAM,Namibia,Africa,17.314000000000004,0.017314000000000003,2024,3030131,5713.944380622489
MUS,Mauritius,Africa,17.119000000000003,0.017119000000000002,2024,1245779,13741.602643807611
BHS,Bahamas,Americas,17.042,0.017042,2024,401283,42468.78138371175
COG,Congo - Brazzaville,Africa,17.028,0.017027999999999998,2024,6332961,2688.789651475826
BRN,Brunei,Asia,16.863,0.016863,2024,462721,36443.12663570489
MRT,Mauritania,Africa,14.352000000000002,0.014352000000000002,2024,5169395,2776.3403647815658
SOM,Somalia,Africa,14.174000000000001,0.014174,2024,19009151,745.640875807657
XKX,NA,NA,14.053000000000003,0.014053000000000003,2024,1594353,8814.233736192677
GNQ,Equatorial Guinea,Africa,13.722,0.013722,2024,1892516,7250.66525197145
TGO,Togo,Africa,13.437000000000001,0.013437000000000001,2024,9515236,1412.156251300546
MNE,Montenegro,Europe,10.226999999999999,0.010226999999999998,2024,623525,16401.9085040696
LIE,Liechtenstein,Europe,9.442,0.009442,2024,40450,233423.9802224969
BRB,Barbados,Americas,8.483,0.008483000000000001,2024,282467,30031.82672666188
SLE,Sierra Leone,Africa,8.270000000000001,0.008270000000000001,2024,8642022,956.9519725823425
BDI,Burundi,Africa,8.136999999999999,0.008136999999999998,2024,14047786,579.2371837099454
MDV,Maldives,Asia,8.129999999999999,0.008129999999999998,2024,527799,15403.591139808901
YEM,Yemen,Asia,7.435,0.007435,2024,40583164,183.20404983702107
FJI,Fiji,Oceania,6.351999999999999,0.006351999999999999,2024,928784,6839.0497682991945
SSD,South Sudan,Africa,6.069,0.006069,2024,11943408,508.1464185096917
SUR,Suriname,Americas,5.908,0.005908,2024,634431,9312.28139860757
SWZ,Eswatini,Africa,5.792,0.005791999999999999,2024,1242822,4660.3616608009825
LBR,Liberia,Africa,5.6419999999999995,0.0056419999999999994,2024,5612817,1005.1993499877154
AND,Andorra,Europe,4.879,0.004879,2024,81938,59545.021845785835
DJI,Djibouti,Africa,4.724999999999999,0.004724999999999999,2024,1168722,4042.8776047682845
ABW,Aruba,Americas,4.671,0.004671000000000001,2024,107995,43252.00240751888
BTN,Bhutan,Asia,3.8559999999999994,0.0038559999999999996,2024,791524,4871.614758364875
CAF,Central African Republic,Africa,3.4919999999999995,0.0034919999999999994,2024,5330690,655.0746713840047
BLZ,Belize,Americas,3.4499999999999997,0.00345,2024,417072,8271.95304407872
CPV,Cape Verde,Africa,3.448,0.003448,2024,524877,6569.158107518523
GNB,Guinea-Bissau,Africa,2.985,0.002985,2024,2201352,1355.9848674814386
LSO,Lesotho,Africa,2.9719999999999995,0.0029719999999999994,2024,2337423,1271.4857345033395
GMB,Gambia,Africa,2.792,0.0027919999999999998,2024,2759988,1011.5986011533383
LCA,St. Lucia,Americas,2.765,0.002765,2024,179744,15382.98914011038
SMR,San Marino,Europe,2.4169999999999994,0.0024169999999999994,2024,33977,71136.35694734672
ATG,Antigua & Barbuda,Americas,2.385,0.002385,2024,93772,25434.03148061255
SYC,Seychelles,Africa,2.251,0.002251,2024,121354,18549.038350610612
TLS,Timor-Leste,Asia,2.17,0.00217,2024,1400638,1549.2939646075574
SLB,Solomon Islands,Oceania,1.836,0.0018360000000000002,2024,819198,2241.2164092197495
COM,Comoros,Africa,1.814,0.001814,2024,866628,2093.1703106753994
GRD,Grenada,Americas,1.4829999999999999,0.001483,2024,117207,12652.827902770312
VUT,Vanuatu,Oceania,1.3959999999999997,0.0013959999999999997,2024,327777,4258.993156932914
WSM,Samoa,Oceania,1.3759999999999997,0.0013759999999999996,2024,218019,6311.376531403224
VCT,St. Vincent & Grenadines,Americas,1.236,0.001236,2024,100616,12284.328536216904
STP,São Tomé & Príncipe,Africa,1.161,0.0011610000000000001,2024,235536,4929.182800081518
KNA,St. Kitts & Nevis,Americas,1.143,0.001143,2024,46843,24400.657515530602
DMA,Dominica,Americas,0.7909999999999999,7.909999999999999e-4,2024,66205,11947.73808624726
TON,Tonga,Oceania,0.716,7.16e-4,2024,104175,6873.050155987521
FSM,Micronesia (Federated States of),Oceania,0.521,5.21e-4,2024,113160,4604.100388829976
KIR,Kiribati,Oceania,0.401,4.0100000000000004e-4,2024,134518,2981.0136933347217
PLW,Palau,Oceania,0.377,3.77e-4,2024,17695,21305.453517942922
MHL,Marshall Islands,Oceania,0.342,3.42e-4,2024,37548,9108.341323106424
NRU,Nauru,Oceania,0.196,1.9600000000000002e-4,2024,11947,16405.792249100195
TUV,Tuvalu,Oceania,0.065,6.500000000000001e-5,2024,9646,6738.544474393531
